<?xml version="1.0" encoding="UTF-8"?>
<project-private xmlns="http://www.netbeans.org/ns/project-private/1">
    <editor-bookmarks xmlns="http://www.netbeans.org/ns/editor-bookmarks/2" lastBookmarkId="0"/>
    <open-files xmlns="http://www.netbeans.org/ns/projectui-open-files/2">
        <group>
            <file>file:/D:/FPT/FPT%20CN4/PRJ301/Project/Workshop2/DuongHNTSP23WS02/web/deleteError.html</file>
            <file>file:/D:/FPT/FPT%20CN4/PRJ301/Project/Workshop2/DuongHNTSP23WS02/web/createNewAccount.jsp</file>
            <file>file:/D:/FPT/FPT%20CN4/PRJ301/Project/Workshop2/DuongHNTSP23WS02/web/createNewAccount.html</file>
        </group>
    </open-files>
</project-private>
